Data,Treatment,MAE,Pearson,Spearman,Isep,Csep
jirasoftware_filtered,None,2.1553073305350083,(0.00) 0.32,(0.01) 0.31,0.002561984671637466,0.0016581927599316328
jirasoftware_filtered,FairReweighing,1.9482048933322613,(0.01) 0.31,(0.00) 0.41,6.943455351029655e-06,3.781484985349153e-06
