Data,Treatment,MAE,Pearson,Spearman,Isep,Csep
jirasoftware_filtered,None,0.21695422173635057,(0.00) 0.99,(0.00) 0.98,0.0006435722954818565,0.0004798834687441433
jirasoftware_filtered,FairReweighing,0.276897765185735,(0.00) 0.99,(0.00) 0.98,1.7777891939511523e-05,2.484262658647134e-06
