Data,Treatment,MAE,Pearson,Spearman,Isep,Csep
jirasoftware_filtered,None,2.0960363131303055,0.28630035694408695,0.316870371054587,0.005091153698113108,0.0033235091723623172
jirasoftware_filtered,FairReweighing,1.903162538088285,0.28762496679966915,0.30952258757016643,0.0003970309378531785,0.00025484512945679654
