Data,Treatment,MAE,Pearson,Spearman,Isep,Csep
jirasoftware_filtered,None,2.0844801884431106,0.2639602375715636,0.27917110503117687,0.0011426129585777592,0.0007662328071922735
jirasoftware_filtered,FairReweighing,2.1129930331156803,0.3184923798917539,0.2954076964997901,0.0006390022940132204,0.00041783503523974653
