Data,Treatment,MAE,Pearson,Spearman,Isep,Csep
jirasoftware_filtered,None,2.0601137748131384,0.2692277560292531,0.2848438618854104,0.014559206137453588,0.009839367032096239
jirasoftware_filtered,FairReweighing,2.071022336299603,0.214528031747414,0.23620108854477811,0.0016676194425321285,0.0010951438812574926
