Data,Treatment,MAE,Pearson,Spearman,Isep,Csep
jirasoftware_filtered,None,2.0662709841361413,0.21385745383511348,0.2366254286244255,0.013325533909268992,0.008541878137910427
jirasoftware_filtered,FairReweighing,2.0172694142048178,0.28665113942430054,0.34338045918834753,0.0005757031249891682,0.00039245767226039424
